{
    "current_price": 29.035234451293945,
    "predicted_price": 28.459999084472656,
    "prediction_date": "2024-07-21",
    "prediction_days": 1,
    "trade_direction": "SHORT",
    "entry_price": 29.207748413085938,
    "target_price_1": 28.459999084472656,
    "target_price_2": 26.536853790283203,
    "highest_price_4d": 29.207748413085938,
    "lowest_price_4d": 26.536853790283203,
    "token": "AVAX-USD",
    "price_1d_ago": 28.409578323364258,
    "price_2d_ago": 27.911972045898438,
    "price_3d_ago": 28.995689392089844,
    "price_4d_ago": 29.207748413085938
}