{
    "current_price": 29.114482879638672,
    "predicted_price": 66805.171875,
    "prediction_date": "2024-07-21",
    "prediction_days": 1,
    "trade_direction": "LONG",
    "entry_price": 26.536853790283203,
    "stop_loss": 25.740748176574705,
    "target_price_1": 66805.171875,
    "target_price_2": 29.207748413085938,
    "highest_price_4d": 29.207748413085938,
    "lowest_price_4d": 26.536853790283203,
    "token": "AVAX-USD",
    "price_1d_ago": 26.707508087158203,
    "price_2d_ago": 26.711889266967773,
    "price_3d_ago": 27.253253936767578,
    "price_4d_ago": 26.536853790283203
}